DN,geometry,mndwi,ndvi2,b5b4,b6b4,b7b4,b8ab4,b8b4,evi,nrvi,ndwi,gndvi,ndvi,b3b2,b3b4,oc2,b3b1,oc4,Fecha
-2147483648,"POLYGON ((-72.27072532814142 -39.16731739909139, -71.93899546002177 -39.16731739909139, -71.93899546002177 -39.333182333151214, -72.27072532814142 -39.333182333151214, -72.27072532814142 -39.16731739909139), (-72.14632662759655 -39.20878363260635, -72.14632662759655 -39.29171609963626, -71.98046169353672 -39.29171609963626, -71.98046169353672 -39.2502498661213, -72.02192792705168 -39.2502498661213, -72.02192792705168 -39.20878363260635, -72.14632662759655 -39.20878363260635))",0.19411321,0.07871353,0.1662529,0.25121766,0.40445712,0.3700247,0.47808444,0.0255702622089688,-0.007183302,0.15375343,-0.15375343,0.007183302,0.24038967,2.0484293,8057.303510320698,1.0283736,0.731792181685557,2020-03-26
6,"POLYGON ((-72.14632662759655 -39.20878363260635, -72.02192792705168 -39.20878363260635, -72.02192792705168 -39.2502498661213, -72.14632662759655 -39.2502498661213, -72.14632662759655 -39.20878363260635))",0.7711698,0.35287443,0.43379113,0.5822437,1.2063113,1.0292547,1.620836,0.0245273563852755,0.013162209,0.6467692,-0.6467692,-0.013162209,0.82671964,9.414924,2921.403115420607,3.7538583,1.9084500246496097,2020-03-26
22,"POLYGON ((-72.14632662759655 -39.2502498661213, -72.1048603940816 -39.2502498661213, -72.1048603940816 -39.29171609963626, -72.14632662759655 -39.29171609963626, -72.14632662759655 -39.2502498661213))",0.85270274,0.5080474,0.5760538,0.7403715,1.3027668,1.1035494,1.4260207,-0.0122316882811014,-0.09607391,0.633432,-0.633432,0.09607391,0.8540091,6.3290486,1.4225127378560425,2.0004249,1.4509577078361455,2020-03-26
20,"POLYGON ((-72.1048603940816 -39.2502498661213, -72.06339416056665 -39.2502498661213, -72.06339416056665 -39.29171609963626, -72.1048603940816 -39.29171609963626, -72.1048603940816 -39.2502498661213))",0.8853083,0.54096305,0.55865055,0.6340599,1.1756531,0.96288335,1.3008437,-0.0028566445575036,-0.013206752,0.69229805,-0.69229805,0.013206752,0.9261515,6.8033843,1.721064157771098,2.1719413,1.8449667707559223,2020-03-26
7,"POLYGON ((-72.06339416056665 -39.2502498661213, -71.98046169353672 -39.2502498661213, -71.98046169353672 -39.29171609963626, -72.06339416056665 -39.29171609963626, -72.06339416056665 -39.2502498661213))",0.77305233,0.43627998,0.44903094,0.47449702,0.9009763,0.75002307,0.9936116,0.0036333428204503,0.02914745,0.6324755,-0.6324755,-0.02914745,0.85403067,6.262982,1.7221977194478353,2.287112,1.9219900297155788,2020-03-26
-2147483648,"POLYGON ((-72.27072532814142 -39.16731739909139, -71.93899546002177 -39.16731739909139, -71.93899546002177 -39.333182333151214, -72.27072532814142 -39.333182333151214, -72.27072532814142 -39.16731739909139), (-72.14632662759655 -39.20878363260635, -72.14632662759655 -39.29171609963626, -71.98046169353672 -39.29171609963626, -71.98046169353672 -39.2502498661213, -72.02192792705168 -39.2502498661213, -72.02192792705168 -39.20878363260635, -72.14632662759655 -39.20878363260635))",0.15084751,-0.0018154044,0.2124533,0.30498725,0.40434787,0.39455804,0.3921057,0.0292934901897167,0.021349324,0.1455375,-0.1455375,-0.021349324,0.23981965,1.7284324,8700255405522766.0,0.4918991,0.8143265086340166,2021-03-04
2,"POLYGON ((-72.14632662759655 -39.20878363260635, -72.02192792705168 -39.20878363260635, -72.02192792705168 -39.2502498661213, -71.98046169353672 -39.2502498661213, -71.98046169353672 -39.29171609963626, -72.14632662759655 -39.29171609963626, -72.14632662759655 -39.20878363260635))",0.639783,0.21768759,0.51992166,0.806683,1.1350555,0.94489217,1.1622642,0.0131034028974119,-0.026146207,0.56283754,-0.56283754,0.026146207,0.6681757,7.524148,10.675714791629256,1.1995369,1.2934630833370255,2021-03-04
-2147483648,"POLYGON ((-72.27072532814142 -39.16731739909139, -71.93899546002177 -39.16731739909139, -71.93899546002177 -39.333182333151214, -72.27072532814142 -39.333182333151214, -72.27072532814142 -39.16731739909139), (-72.14632662759655 -39.20878363260635, -72.14632662759655 -39.29171609963626, -71.98046169353672 -39.29171609963626, -71.98046169353672 -39.2502498661213, -72.06339416056665 -39.2502498661213, -72.06339416056665 -39.20878363260635, -72.14632662759655 -39.20878363260635))",0.030775532,0.014722171,0.30649433,0.31526062,0.32201138,0.31795415,0.32057533,0.0502407492829664,-0.00129094,0.016310303,-0.016310303,0.00129094,0.29309306,0.3437169,0.5572999523109252,0.30057096,0.6267393454149022,2022-02-14
4,"POLYGON ((-72.14632662759655 -39.20878363260635, -72.06339416056665 -39.20878363260635, -72.06339416056665 -39.2502498661213, -72.14632662759655 -39.2502498661213, -72.14632662759655 -39.20878363260635))",0.10876874,0.040392555,0.92542845,0.9203759,0.9281469,0.9073332,0.9153774,0.0715930134881429,0.012303421,0.068949796,-0.068949796,-0.012303421,0.88549066,1.0542542,1.657504423189846,0.9058593,1.8560920719650704,2022-02-14
3,"POLYGON ((-72.14632662759655 -39.2502498661213, -71.98046169353672 -39.2502498661213, -71.98046169353672 -39.29171609963626, -72.14632662759655 -39.29171609963626, -72.14632662759655 -39.2502498661213))",0.109365456,0.039584976,0.9267382,0.91811246,0.9240645,0.90158457,0.9095622,0.0388300604280378,0.013233782,0.07018574,-0.07018574,-0.013233782,0.8889194,1.0566405,1.6675652987822147,0.9056734,1.8597678169067409,2022-02-14
-2147483648,"POLYGON ((-72.27072532814142 -39.16731739909139, -71.93899546002177 -39.16731739909139, -71.93899546002177 -39.333182333151214, -72.27072532814142 -39.333182333151214, -72.27072532814142 -39.16731739909139))",0.33344194,0.082674354,0.69253796,0.79986924,0.88630664,0.84824556,0.8436374,0.0289120125312101,-0.0008848853,0.25607726,-0.25607726,0.0008848853,0.62014985,1.7435465,1.4113220819748615,0.60841703,1.7458849944966883,2018-12-17
-2147483648,"POLYGON ((-72.27072532814142 -39.16731739909139, -71.93899546002177 -39.16731739909139, -71.93899546002177 -39.333182333151214, -72.27072532814142 -39.333182333151214, -72.27072532814142 -39.16731739909139))",0.37837225,0.08683188,0.5308439,0.6415097,0.7906301,0.7751369,0.85413176,0.035266686948752,0.0041668303,0.3176608,-0.3176608,-0.0041668303,0.6662945,2.3767002,28136.18641147294,2.0573275,1.964944725867511,2019-03-25
-2147483648,"POLYGON ((-72.27072532814142 -39.16731739909139, -71.93899546002177 -39.16731739909139, -71.93899546002177 -39.333182333151214, -72.27072532814142 -39.333182333151214, -72.27072532814142 -39.16731739909139))",0.12345311,0.057603188,0.68421936,0.7548066,0.7980182,0.78739756,0.8008472,0.053138825833787,-0.0052132932,0.06852517,-0.06852517,0.0052132932,0.660013,0.82624763,1.4703211915992562,0.7931322,1.821369720947819,2021-12-09
-2147483648,"POLYGON ((-72.27072532814142 -39.16731739909139, -71.93899546002177 -39.16731739909139, -71.93899546002177 -39.333182333151214, -72.27072532814142 -39.333182333151214, -72.27072532814142 -39.16731739909139), (-72.14632662759655 -39.20878363260635, -72.14632662759655 -39.29171609963626, -72.06339416056665 -39.29171609963626, -72.06339416056665 -39.20878363260635, -72.14632662759655 -39.20878363260635))",0.3116854,0.06236377,0.38431907,0.39460504,0.5018147,0.40251186,0.44256455,0.0427185993154576,0.078475714,0.27644157,-0.27644157,-0.078475714,0.4027634,1.8071107,0.8628868586431248,0.58454216,1.0588331969245817,2021-02-09
7,"POLYGON ((-72.14632662759655 -39.20878363260635, -72.06339416056665 -39.20878363260635, -72.06339416056665 -39.29171609963626, -72.14632662759655 -39.29171609963626, -72.14632662759655 -39.20878363260635))",0.7837099,0.24376445,0.8738064,0.7742595,0.95646983,0.66746944,0.7746827,0.0282450072640355,0.14961047,0.6768045,-0.6768045,-0.14961047,0.9007337,4.269269,1.673734853189751,1.2736424,1.8716416427892164,2021-02-09
-2147483648,"POLYGON ((-72.27072532814142 -39.16731739909139, -71.93899546002177 -39.16731739909139, -71.93899546002177 -39.333182333151214, -72.27072532814142 -39.333182333151214, -72.27072532814142 -39.16731739909139), (-72.14632662759655 -39.2502498661213, -72.14632662759655 -39.29171609963626, -72.06339416056665 -39.29171609963626, -72.06339416056665 -39.2502498661213, -72.14632662759655 -39.2502498661213))",0.34701616,0.265055,0.55863225,0.7164349,0.7941996,0.7164526,0.71819,0.028661674485362,-0.031761948,0.16345283,-0.16345283,0.031761948,0.49160886,1.2061896,0.9666143797636888,0.6094009,1.1383802967399304,2020-02-18
11,"POLYGON ((-72.14632662759655 -39.2502498661213, -72.06339416056665 -39.2502498661213, -72.06339416056665 -39.29171609963626, -72.14632662759655 -39.29171609963626, -72.14632662759655 -39.2502498661213))",0.67304486,0.4574271,1.0084728,1.1444271,1.2099724,1.0450337,1.0507337,-0.0089453478136694,-0.022604749,0.33440143,-0.33440143,0.022604749,0.8819725,2.1302786,1.5040020607781184,1.0441408,1.6037702752568683,2020-02-18
-2147483648,"POLYGON ((-72.27072532814142 -39.16731739909139, -71.93899546002177 -39.16731739909139, -71.93899546002177 -39.333182333151214, -72.27072532814142 -39.333182333151214, -72.27072532814142 -39.16731739909139))",0.47192776,0.26913705,0.6543273,0.8822318,1.0283811,0.8671447,0.894731,0.032322357863008,-0.038356103,0.30793563,-0.30793563,0.038356103,0.4948656,2.1873803,0.8204037539980368,0.62410295,0.9835099183445744,2019-01-14
-2147483648,"POLYGON ((-72.27072532814142 -39.16731739909139, -71.93899546002177 -39.16731739909139, -71.93899546002177 -39.333182333151214, -72.27072532814142 -39.333182333151214, -72.27072532814142 -39.16731739909139))",0.41336527,0.19796045,0.54748976,0.67829925,0.78557223,0.7512236,0.8530105,0.0253335066092759,-0.023485158,0.27360567,-0.27360567,0.023485158,0.58183956,1.8926567,1605134.491963748,2.0533707,1.4021125358407789,2020-04-08
-2147483648,"POLYGON ((-72.27072532814142 -39.16731739909139, -71.93899546002177 -39.16731739909139, -71.93899546002177 -39.333182333151214, -72.27072532814142 -39.333182333151214, -72.27072532814142 -39.16731739909139), (-72.14632662759655 -39.2502498661213, -72.14632662759655 -39.29171609963626, -72.06339416056665 -39.29171609963626, -72.06339416056665 -39.2502498661213, -72.14632662759655 -39.2502498661213))",0.29745334,0.0572493,0.57048625,0.66162026,0.76825756,0.7381011,0.7145709,0.0316085644385857,0.0062188082,0.24833682,-0.24833682,-0.0062188082,0.50317067,1.7127755,1.2568739521713244,0.48139927,1.547122650452506,2019-01-26
50,"POLYGON ((-72.14632662759655 -39.2502498661213, -72.06339416056665 -39.2502498661213, -72.06339416056665 -39.29171609963626, -72.14632662759655 -39.29171609963626, -72.14632662759655 -39.2502498661213))",0.64095634,0.24012811,1.0704061,1.1458204,1.3014208,1.1716505,1.1249268,-0.0124672505496804,-0.04722476,0.476937,-0.476937,0.04722476,0.8844108,3.1982193,1.5244108644789094,0.80837685,1.2624005803781702,2019-01-26
-2147483648,"POLYGON ((-72.27072532814142 -39.16731739909139, -71.93899546002177 -39.16731739909139, -71.93899546002177 -39.333182333151214, -72.27072532814142 -39.333182333151214, -72.27072532814142 -39.16731739909139))",0.49919733,0.34336117,0.640616,0.8135042,0.9877781,0.93836296,1.0414139,0.0017866631427582,-0.079988375,0.29751715,-0.29751715,0.079988375,0.8109938,2.6752617,4444584.292389642,0.9699244,3.703418083848611,2020-03-14
-2147483648,"POLYGON ((-72.27072532814142 -39.16731739909139, -71.93899546002177 -39.16731739909139, -71.93899546002177 -39.333182333151214, -72.27072532814142 -39.333182333151214, -72.27072532814142 -39.16731739909139))",0.24638435,0.11598576,0.6801597,0.80462205,0.88551223,0.86999065,0.90152335,0.0317120306502974,-0.02880646,0.15520594,-0.15520594,0.02880646,0.6085006,1.5566434,1.495627280963042,0.60372823,1.739189208350174,2020-12-09
-2147483648,"POLYGON ((-72.27072532814142 -39.16731739909139, -71.93899546002177 -39.16731739909139, -71.93899546002177 -39.333182333151214, -72.27072532814142 -39.333182333151214, -72.27072532814142 -39.16731739909139), (-72.14632662759655 -39.20878363260635, -72.14632662759655 -39.29171609963626, -71.98046169353672 -39.29171609963626, -71.98046169353672 -39.2502498661213, -72.02192792705168 -39.2502498661213, -72.02192792705168 -39.20878363260635, -72.14632662759655 -39.20878363260635))",0.17017236,0.0033515482,0.18322946,0.2724903,0.38684687,0.45808133,0.5876064,0.0245371998016926,0.0034758707,0.15525696,-0.15525696,-0.0034758707,0.42268825,2.9941826,229643860.71942496,0.9987393,4.297927712482022,2021-03-29
5,"POLYGON ((-72.14632662759655 -39.20878363260635, -72.02192792705168 -39.20878363260635, -72.02192792705168 -39.2502498661213, -71.98046169353672 -39.2502498661213, -71.98046169353672 -39.29171609963626, -72.06339416056665 -39.29171609963626, -72.06339416056665 -39.2502498661213, -72.14632662759655 -39.2502498661213, -72.14632662759655 -39.20878363260635))",0.448727,0.09627464,0.32910424,0.37993985,0.7097592,0.85042244,1.4573722,0.0063526355494206,-0.046569567,0.40308303,-0.40308303,0.046569567,0.73345125,11.116432,149433333.81267083,1.3384914,4.795050338764337,2021-03-29
4,"POLYGON ((-72.14632662759655 -39.2502498661213, -72.06339416056665 -39.2502498661213, -72.06339416056665 -39.29171609963626, -72.14632662759655 -39.29171609963626, -72.14632662759655 -39.2502498661213))",0.8652192,0.29280952,0.5224998,0.5534815,1.1959565,1.2996166,2.137565,-0.0048040375541707,-0.075528406,0.7668536,-0.7668536,0.075528406,1.0277528,18.58446,2.2496015795144064,1.6073995,2.4687556751989184,2021-03-29
-2147483648,"POLYGON ((-72.27072532814142 -39.16731739909139, -71.93899546002177 -39.16731739909139, -71.93899546002177 -39.333182333151214, -72.27072532814142 -39.333182333151214, -72.27072532814142 -39.16731739909139))",0.37386134,0.11589272,0.72418547,0.75213444,0.8483016,0.8164125,0.76720864,0.0374949271625899,0.009794246,0.2885204,-0.2885204,-0.009794246,0.73301685,1.7834562,7862215.0906199645,0.8907471,2.6834324016611117,2019-03-27
-2147483648,"POLYGON ((-72.27072532814142 -39.16731739909139, -71.93899546002177 -39.16731739909139, -71.93899546002177 -39.333182333151214, -72.27072532814142 -39.333182333151214, -72.27072532814142 -39.16731739909139))",0.5227172,0.15196918,0.72787046,1.3009293,1.9966884,1.0489707,2.0210233,0.0292201283987529,-0.11060182,0.4559834,-0.4559834,0.11060182,0.4705223,14.558982,0.8017219014640878,0.6058543,1.0313372318654526,2020-12-31
-2147483648,"POLYGON ((-72.27072532814142 -39.16731739909139, -71.93899546002177 -39.16731739909139, -71.93899546002177 -39.333182333151214, -72.27072532814142 -39.333182333151214, -72.27072532814142 -39.16731739909139))",0.2465283,0.10215255,0.6484348,0.8076138,0.89874375,0.8503429,0.9168744,0.0303856520496873,-0.030547956,0.16308962,-0.16308962,0.030547956,0.5741986,1.5700902,4.557631536129505,0.736964,1.5297543375462102,2019-01-04
-2147483648,"POLYGON ((-72.27072532814142 -39.16731739909139, -71.93899546002177 -39.16731739909139, -71.93899546002177 -39.333182333151214, -72.27072532814142 -39.333182333151214, -72.27072532814142 -39.16731739909139))",0.33208293,0.17934613,0.6658297,0.73903334,0.8107269,0.78161556,0.8266964,0.048342375224978,-0.0034307956,0.20624852,-0.20624852,0.0034307956,0.745443,1.4314115,66104.07780097227,0.7667242,2.76666434156103,2021-01-08
-2147483648,"POLYGON ((-72.27072532814142 -39.16731739909139, -71.93899546002177 -39.16731739909139, -71.93899546002177 -39.333182333151214, -72.27072532814142 -39.333182333151214, -72.27072532814142 -39.16731739909139))",0.5194664,0.17263658,0.5684328,0.6185472,0.83586454,0.5693831,0.7164297,0.0437214091585412,0.08797244,0.43123242,-0.43123242,-0.08797244,0.5886736,3.033669,1.1602745104268832,0.8302176,1.3922046251223488,2019-01-31
-2147483648,"POLYGON ((-72.27072532814142 -39.16731739909139, -71.93899546002177 -39.16731739909139, -71.93899546002177 -39.333182333151214, -72.27072532814142 -39.333182333151214, -72.27072532814142 -39.16731739909139), (-72.14632662759655 -39.20878363260635, -72.14632662759655 -39.29171609963626, -72.06339416056665 -39.29171609963626, -72.06339416056665 -39.20878363260635, -72.14632662759655 -39.20878363260635))",0.20312522,0.007734181,0.4376362,0.45227054,0.5267746,0.52591646,0.48294798,0.0379636715982202,0.028871723,0.1927906,-0.1927906,-0.028871723,0.49307767,1.1423545,20478.508126966943,0.52489716,1.9841934173506528,2019-02-15
15,"POLYGON ((-72.14632662759655 -39.20878363260635, -72.06339416056665 -39.20878363260635, -72.06339416056665 -39.2502498661213, -72.14632662759655 -39.2502498661213, -72.14632662759655 -39.20878363260635))",0.49934572,0.03304589,0.9726885,0.9053939,1.0299294,0.99992836,0.8948865,0.0425457546157822,0.06828669,0.4684838,-0.4684838,-0.06828669,1.0888948,2.6090827,2.898699026134488,1.1353612,3.706298674300255,2019-02-15
20,"POLYGON ((-72.14632662759655 -39.2502498661213, -72.06339416056665 -39.2502498661213, -72.06339416056665 -39.29171609963626, -72.14632662759655 -39.29171609963626, -72.14632662759655 -39.2502498661213))",0.5168307,0.08661794,1.036161,0.9675424,1.0687549,1.0176848,0.9193224,0.0297516876159645,0.04812984,0.4522349,-0.4522349,-0.04812984,1.1482157,2.475639,2.885685166732308,1.1687231,3.4755156397903617,2019-02-15
-2147483648,"POLYGON ((-72.27072532814142 -39.16731739909139, -71.93899546002177 -39.16731739909139, -71.93899546002177 -39.333182333151214, -72.27072532814142 -39.333182333151214, -72.27072532814142 -39.16731739909139))",0.34263593,0.09905833,0.5768605,0.6450348,0.75625074,0.79908323,0.9587556,0.0251949228514221,-0.015055116,0.26030505,-0.26030505,0.015055116,0.87408876,2.176644,142425492.8465647,1.3053873,5.546057157819897,2019-03-20
-2147483648,"POLYGON ((-72.27072532814142 -39.16731739909139, -71.93899546002177 -39.16731739909139, -71.93899546002177 -39.333182333151214, -72.27072532814142 -39.333182333151214, -72.27072532814142 -39.16731739909139))",0.3202768,0.20653757,0.6907887,0.8316323,0.8988423,0.8537888,0.8687402,0.0137078507339479,-0.03586748,0.16205291,-0.16205291,0.03586748,0.7344572,1.2950622,1.9497070285124416,0.74542,2.434450180819391,2020-01-24
-2147483648,"POLYGON ((-72.27072532814142 -39.16731739909139, -71.93899546002177 -39.16731739909139, -71.93899546002177 -39.333182333151214, -72.27072532814142 -39.333182333151214, -72.27072532814142 -39.16731739909139), (-72.14632662759655 -39.20878363260635, -72.14632662759655 -39.29171609963626, -71.98046169353672 -39.29171609963626, -71.98046169353672 -39.2502498661213, -72.02192792705168 -39.2502498661213, -72.02192792705168 -39.20878363260635, -72.14632662759655 -39.20878363260635))",0.17515638,0.0061973054,0.24374464,0.28481027,0.3616065,0.36046085,0.3614315,0.0290238073344873,0.030458793,0.16397655,-0.16397655,-0.030458793,0.27084634,1.6649637,23253.65340913036,0.27343574,1.0094336393732075,2019-02-25
6,"POLYGON ((-72.14632662759655 -39.20878363260635, -72.1048603940816 -39.20878363260635, -72.1048603940816 -39.2502498661213, -72.14632662759655 -39.2502498661213, -72.14632662759655 -39.20878363260635))",0.657229,0.14486043,0.8743819,0.9194623,1.168109,1.1202518,1.1133083,0.0295857395441636,0.01669019,0.5806479,-0.5806479,-0.01669019,0.8624052,4.851316,10359.921861065077,0.8349163,2.220127221640986,2019-02-25
7,"POLYGON ((-72.1048603940816 -39.20878363260635, -72.06339416056665 -39.20878363260635, -72.06339416056665 -39.2502498661213, -72.1048603940816 -39.2502498661213, -72.1048603940816 -39.20878363260635))",0.79096186,0.17241004,0.87890273,0.89251626,1.223973,1.0816811,1.2305803,0.0122095909929805,0.04006031,0.71020323,-0.71020323,-0.04006031,0.9248376,8.984333,1.842775279403657,0.92753327,2.017649620113809,2019-02-25
8,"POLYGON ((-72.06339416056665 -39.20878363260635, -72.02192792705168 -39.20878363260635, -72.02192792705168 -39.2502498661213, -72.06339416056665 -39.2502498661213, -72.06339416056665 -39.20878363260635))",0.65849364,0.11226741,0.7601071,1.0483133,1.4361322,1.3295491,1.6418186,0.0443312275961364,-0.005173694,0.5985909,-0.5985909,0.005173694,0.82779807,12.71641,965588.6915085618,0.85871965,3.2723817783052027,2019-02-25
5,"POLYGON ((-72.14632662759655 -39.2502498661213, -72.06339416056665 -39.2502498661213, -72.06339416056665 -39.29171609963626, -72.14632662759655 -39.29171609963626, -72.14632662759655 -39.2502498661213))",0.8371376,0.33109906,0.9739113,1.0349354,1.3699056,1.1641692,1.2550333,-0.0024241640312488,-0.023157744,0.71818703,-0.71818703,0.023157744,0.92328656,7.6788244,1.7033714542922922,0.8874667,1.6221993162719213,2019-02-25
6,"POLYGON ((-72.06339416056665 -39.2502498661213, -71.98046169353672 -39.2502498661213, -71.98046169353672 -39.29171609963626, -72.06339416056665 -39.29171609963626, -72.06339416056665 -39.2502498661213))",0.69120055,0.19509743,0.7965323,0.8191954,1.0810902,0.9395997,0.98089063,0.0063196072397654,0.021278743,0.61247265,-0.61247265,-0.021278743,0.86763084,5.6426744,1.8214646850460063,0.90999055,1.997487161421396,2019-02-25
-2147483648,"POLYGON ((-72.27072532814142 -39.16731739909139, -71.93899546002177 -39.16731739909139, -71.93899546002177 -39.333182333151214, -72.27072532814142 -39.333182333151214, -72.27072532814142 -39.16731739909139))",0.48017773,0.22153807,0.56861967,0.65626496,0.8723262,0.69741136,0.79827625,0.0380180699279342,0.010616811,0.3540548,-0.3540548,-0.010616811,0.49869564,2.3699179,0.7922013492033481,0.8771523,0.8806978825566268,2021-03-21
-2147483648,"POLYGON ((-72.27072532814142 -39.16731739909139, -71.93899546002177 -39.16731739909139, -71.93899546002177 -39.333182333151214, -72.27072532814142 -39.333182333151214, -72.27072532814142 -39.16731739909139))",0.52318394,-0.042789605,0.33908704,0.75582117,1.033399,1.3968815,2.2323153,0.0374085924746659,0.08172388,0.5442332,-0.5442332,-0.08172388,0.9963436,22.758236,48192809420.32013,3.5781846,7.0101743948182085,2021-05-05
-2147483648,"POLYGON ((-72.27072532814142 -39.16731739909139, -71.93899546002177 -39.16731739909139, -71.93899546002177 -39.333182333151214, -72.27072532814142 -39.333182333151214, -72.27072532814142 -39.16731739909139), (-72.14632662759655 -39.20878363260635, -72.14632662759655 -39.29171609963626, -71.98046169353672 -39.29171609963626, -71.98046169353672 -39.2502498661213, -72.02192792705168 -39.2502498661213, -72.02192792705168 -39.20878363260635, -72.14632662759655 -39.20878363260635))",0.014802754,0.00609263,0.25794917,0.2686349,0.27508566,0.27496636,0.27539915,0.0357515556365862,-0.004253398,0.008908144,-0.008908144,0.004253398,0.25321564,0.2841943,0.5035004865815088,0.26509273,0.5769093788188018,2022-02-17
4,"POLYGON ((-72.14632662759655 -39.20878363260635, -72.1048603940816 -39.20878363260635, -72.1048603940816 -39.2502498661213, -72.06339416056665 -39.2502498661213, -72.06339416056665 -39.29171609963626, -72.14632662759655 -39.29171609963626, -72.14632662759655 -39.20878363260635))",0.047030583,0.0073379506,0.7220226,0.7254849,0.73149335,0.72480804,0.7252544,0.0165490556264919,0.0010349356,0.039797515,-0.039797515,-0.0010349356,0.7074735,0.8065882,1.3780954273219053,0.7387574,1.5675588718781492,2022-02-17
5,"POLYGON ((-72.1048603940816 -39.20878363260635, -72.02192792705168 -39.20878363260635, -72.02192792705168 -39.2502498661213, -71.98046169353672 -39.2502498661213, -71.98046169353672 -39.29171609963626, -72.06339416056665 -39.29171609963626, -72.06339416056665 -39.2502498661213, -72.1048603940816 -39.2502498661213, -72.1048603940816 -39.20878363260635))",0.03976455,0.007979547,0.58580065,0.59086895,0.5963825,0.5907707,0.5944713,0.0205421431696856,-0.001027009,0.031965863,-0.031965863,0.001027009,0.5750705,0.6577111,1.1241444088474704,0.5985084,1.2773958315796432,2022-02-17
-2147483648,"POLYGON ((-72.27072532814142 -39.16731739909139, -71.93899546002177 -39.16731739909139, -71.93899546002177 -39.333182333151214, -72.27072532814142 -39.333182333151214, -72.27072532814142 -39.16731739909139), (-72.14632662759655 -39.2502498661213, -72.14632662759655 -39.29171609963626, -72.06339416056665 -39.29171609963626, -72.06339416056665 -39.2502498661213, -72.14632662759655 -39.2502498661213))",0.2503753,0.041339617,0.5470292,0.5890172,0.65283626,0.65628064,0.6308198,0.0422551680593156,0.018109426,0.21491256,-0.21491256,-0.018109426,0.60064775,1.2620488,1531124.422036824,0.64537305,2.235608691933042,2021-02-04
22,"POLYGON ((-72.14632662759655 -39.2502498661213, -72.06339416056665 -39.2502498661213, -72.06339416056665 -39.29171609963626, -72.14632662759655 -39.29171609963626, -72.14632662759655 -39.2502498661213))",0.50279015,0.11088957,1.0067174,0.9599042,1.020442,0.98393464,0.9401824,0.0232915463113649,0.034753777,0.41655055,-0.41655055,-0.034753777,1.1097782,2.325622,2.6301090154339293,1.1724392,3.191940384404573,2021-02-04
-2147483648,"POLYGON ((-72.27072532814142 -39.16731739909139, -71.93899546002177 -39.16731739909139, -71.93899546002177 -39.333182333151214, -72.27072532814142 -39.333182333151214, -72.27072532814142 -39.16731739909139), (-72.14632662759655 -39.20878363260635, -72.14632662759655 -39.29171609963626, -71.98046169353672 -39.29171609963626, -71.98046169353672 -39.2502498661213, -72.06339416056665 -39.2502498661213, -72.06339416056665 -39.20878363260635, -72.14632662759655 -39.20878363260635))",0.20783192,0.003119123,0.29527107,0.3477395,0.4396846,0.36576954,0.41393855,0.0391503360661172,0.051499512,0.19242342,-0.19242342,-0.051499512,0.2951478,1.5767764,0.7204072994730382,0.38220194,0.9968741907959606,2021-01-20
8,"POLYGON ((-72.14632662759655 -39.20878363260635, -72.06339416056665 -39.20878363260635, -72.06339416056665 -39.2502498661213, -72.14632662759655 -39.2502498661213, -72.14632662759655 -39.20878363260635))",0.7139232,0.10635411,0.845127,0.9423062,1.2382268,0.8268303,1.0693628,0.0223816675598493,0.05454868,0.6329452,-0.6329452,-0.05454868,0.77675384,5.8892837,1.2992115523777314,0.98000264,1.4712202349256056,2021-01-20
6,"POLYGON ((-72.14632662759655 -39.2502498661213, -72.1048603940816 -39.2502498661213, -72.1048603940816 -39.29171609963626, -72.14632662759655 -39.29171609963626, -72.14632662759655 -39.2502498661213))",0.6247543,0.14514449,0.9826052,1.0003961,1.1567906,0.88070285,1.0165768,-0.0010097372752562,0.005573142,0.52795863,-0.52795863,-0.005573142,0.8458471,3.4413912,1.367543110104536,1.0056516,1.43108516901307,2021-01-20
7,"POLYGON ((-72.1048603940816 -39.2502498661213, -71.98046169353672 -39.2502498661213, -71.98046169353672 -39.29171609963626, -72.1048603940816 -39.29171609963626, -72.1048603940816 -39.2502498661213))",0.726627,0.2248648,0.8525175,0.7973353,1.0390123,0.67928123,0.8490699,0.024657689836169,0.07964155,0.6267622,-0.6267622,-0.07964155,0.8789906,4.4417834,1.8593291891133024,1.1076336,2.3201599205497447,2021-01-20
-2147483648,"POLYGON ((-72.27072532814142 -39.16731739909139, -71.93899546002177 -39.16731739909139, -71.93899546002177 -39.333182333151214, -72.27072532814142 -39.333182333151214, -72.27072532814142 -39.16731739909139))",0.061397016,0.012949914,0.64820623,0.6587138,0.6680166,0.6628839,0.6640232,0.0605191524366249,-0.00040715217,0.048761047,-0.048761047,0.00040715217,0.6543723,0.7560207,1.3354494166141273,0.6830121,1.553706762808123,2022-02-07
-2147483648,"POLYGON ((-72.27072532814142 -39.16731739909139, -71.93899546002177 -39.16731739909139, -71.93899546002177 -39.333182333151214, -72.27072532814142 -39.333182333151214, -72.27072532814142 -39.16731739909139))",0.120045505,0.071736045,0.68688774,0.78634244,0.82975113,0.8175225,0.85868144,0.0219416766144083,-0.024250273,0.05103252,-0.05103252,0.024250273,0.6321802,0.83786404,710132.7199943605,0.7594703,1.8087817117321516,2020-12-04
-2147483648,"POLYGON ((-72.27072532814142 -39.16731739909139, -71.93899546002177 -39.16731739909139, -71.93899546002177 -39.333182333151214, -72.27072532814142 -39.333182333151214, -72.27072532814142 -39.16731739909139))",0.42950973,0.22211742,0.6280746,0.6697741,0.7711813,0.73478115,0.7456811,0.0651446655660131,0.050136223,0.32883623,-0.32883623,-0.050136223,0.7871699,2.1846936,314634.4213020896,0.7991852,3.546851397431016,2021-01-18
-2147483648,"POLYGON ((-72.27072532814142 -39.16731739909139, -71.93899546002177 -39.16731739909139, -71.93899546002177 -39.333182333151214, -72.27072532814142 -39.333182333151214, -72.27072532814142 -39.16731739909139))",0.4545381,0.052219227,0.47330385,0.8244544,1.1432496,0.87449753,1.2711198,0.0236230975386267,-0.060634214,0.4048909,-0.4048909,0.060634214,0.4629227,7.7445974,0.7668250059768899,0.6053374,0.9835369059674882,2021-12-16
-2147483648,"POLYGON ((-72.27072532814142 -39.16731739909139, -71.93899546002177 -39.16731739909139, -71.93899546002177 -39.333182333151214, -72.27072532814142 -39.333182333151214, -72.27072532814142 -39.16731739909139))",0.50567055,-0.14548902,0.737373,1.311009,1.6645015,1.8324215,2.357188,0.0290400889638446,-0.013590876,0.5525228,-0.5525228,0.013590876,1.0814806,23.661213,74890972585.49341,27.017084,5.974964634529768,2020-05-25
-2147483648,"POLYGON ((-72.27072532814142 -39.16731739909139, -71.93899546002177 -39.16731739909139, -71.93899546002177 -39.333182333151214, -72.27072532814142 -39.333182333151214, -72.27072532814142 -39.16731739909139), (-72.14632662759655 -39.20878363260635, -72.14632662759655 -39.29171609963626, -71.98046169353672 -39.29171609963626, -71.98046169353672 -39.2502498661213, -72.06339416056665 -39.2502498661213, -72.06339416056665 -39.20878363260635, -72.14632662759655 -39.20878363260635))",0.19317457,0.11787733,0.30501622,0.34722796,0.37689212,0.3472895,0.35123482,0.0517644574172857,0.018812636,0.10476894,-0.10476894,-0.018812636,0.28711215,0.57458746,0.5587070292408153,0.33947366,0.6484278700670008,2019-02-13
17,"POLYGON ((-72.14632662759655 -39.20878363260635, -72.06339416056665 -39.20878363260635, -72.06339416056665 -39.29171609963626, -72.14632662759655 -39.29171609963626, -72.14632662759655 -39.20878363260635))",0.57504773,0.30221742,0.9276617,0.91474825,0.9397341,0.81905377,0.840657,0.0660937332156204,0.08092649,0.34166026,-0.34166026,-0.08092649,0.8925816,1.7250336,1.6209916110818507,1.0358227,1.7810144481573338,2019-02-13
20,"POLYGON ((-72.06339416056665 -39.2502498661213, -71.98046169353672 -39.2502498661213, -71.98046169353672 -39.29171609963626, -72.06339416056665 -39.29171609963626, -72.06339416056665 -39.2502498661213))",0.49838138,0.23818122,0.833238,0.82769895,0.86859065,0.75837904,0.80077046,0.0275349647923209,0.041518915,0.31099397,-0.31099397,-0.041518915,0.8121095,1.6897656,1.4983948617810183,1.0142412,1.6403548051462478,2019-02-13
-2147483648,"POLYGON ((-72.27072532814142 -39.16731739909139, -71.93899546002177 -39.16731739909139, -71.93899546002177 -39.333182333151214, -72.27072532814142 -39.333182333151214, -72.27072532814142 -39.16731739909139))",0.43867475,0.24506424,0.6919251,0.8420642,0.91974336,0.8511757,0.8691314,0.0269115068353724,-0.03335984,0.26693866,-0.26693866,0.03335984,0.5415412,1.8020353,1.2207073876858168,0.533946,1.1941268499655275,2019-01-19
-2147483648,"POLYGON ((-72.27072532814142 -39.16731739909139, -71.93899546002177 -39.16731739909139, -71.93899546002177 -39.333182333151214, -72.27072532814142 -39.333182333151214, -72.27072532814142 -39.16731739909139))",0.2718384,0.122816846,0.69638294,0.7895559,0.86011726,0.8540429,0.83770347,0.0163955726406548,-0.028973762,0.16310428,-0.16310428,0.028973762,0.7284696,1.2417246,104915.53524942044,0.7500104,2.394602101016404,2020-02-20
